<?xml version="1.0" encoding="utf-8"?>
<compound xmlns:xsi="http://www.w3.org/2001/XMLSchema-instance" xmlns:xsd="http://www.w3.org/2001/XMLSchema">
  <iop>TFS</iop>
  <corrtempMoist>TempONmoistON</corrtempMoist>
  <corrtempMoistWater>TempONmoistON</corrtempMoistWater>
  <corrtempMoistAna>not_dev</corrtempMoistAna>
  <degT50CropVanilla>0.3125</degT50CropVanilla>
  <molMass>408.4</molMass>
  <preVapRef>3.4E-06</preVapRef>
  <slbWatRef>0.61</slbWatRef>
  <degT50Soil>5.3</degT50Soil>
  <degT50Water>7.22</degT50Water>
  <kom>2377</kom>
  <expFre>0.96</expFre>
  <komEqlMax>237700</komEqlMax>
  <facUpt>0</facUpt>
  <degT50Crop>0.3125</degT50Crop>
  <cntLiqTraRef>1</cntLiqTraRef>
  <conLiqRef>1</conLiqRef>
  <optCntLiqTraRef>OptimumConditions</optCntLiqTraRef>
  <optDT50>EqlDom_Input</optDT50>
</compound>