<?xml version="1.0" encoding="utf-8"?>
<VFSmod xmlns:xsi="http://www.w3.org/2001/XMLSchema-instance" xmlns:xsd="http://www.w3.org/2001/XMLSchema">
  <dgPinLog>
    <string>Event x   : IWQ file : PRZM field output(Event x) + Residual mass(x-1) = dPin (mg/m) form owq file</string>
    <string>Event x   : OWQ file, (1-dP)dPin = mo  = Residual mass(Event x)</string>
    <string>Event x+1 : IWQ file : PRZM field output(Event x+1) + Residual mass(Event x) = dPin (mg/m) form owq file</string>
    <string>Event x+1 : OWQ file, (1-dP)dPin = mo  =Residual mass(Event x)</string>
    <string />
    <string>-------------------------------------------------------</string>
    <string> *** Runoff event info *** </string>
    <string>Run 1 of 7</string>
    <string>Event Data</string>
    <string> Date           : 20.Mai.84</string>
    <string> P2T row        : 1955</string>
    <string> Duration       : 10 h  </string>
    <string> Precipitation  : 19.9 mm    </string>
    <string> Runoff </string>
    <string>  - Volume      : 5.146E-03 mm/h  </string>
    <string>  - Flux        : 2.698E-08 mg as/m2/h  </string>
    <string> Erosion </string>
    <string> -  Mass        : 2.922E-03 kg/h  </string>
    <string>  - Flux        : 6.366E-09 mg as/m2/h   </string>
    <string> Tot. Mass      : 3.335E-07 mg as/m2   </string>
    <string>-------------------------------------------------------</string>
    <string />
    <string> First event, no residue mass from prev. event</string>
    <string> dgPin(iwq) =  (Act. RunOffFlux + Act. ErosionFlux)</string>
    <string>                   * Event Duration</string>
    <string> dgPin(iwq) =  (2.698E-08 mg/m2/h + 6.366E-09 mg/m2/h)</string>
    <string>                   * 10h</string>
    <string> dgPin(iwq) for event at 20.05.1984 : 3.3346E-07 mg as/m2</string>
    <string> write dgPin(iwq) to file 840520.iwq</string>
    <string> Start vfsm.exe for event no 1(20.05.1984 01:00:00)</string>
    <string>-------------------------------------------------------</string>
    <string> *** Runoff event info *** </string>
    <string>Run 2 of 7</string>
    <string>Event Data</string>
    <string> Date           : 30.Mai.84</string>
    <string> P2T row        : 2195</string>
    <string> Duration       : 11 h  </string>
    <string> Precipitation  : 21.3 mm    </string>
    <string> Runoff </string>
    <string>  - Volume      : 2.041E-02 mm/h  </string>
    <string>  - Flux        : 3.997E-09 mg as/m2/h  </string>
    <string> Erosion </string>
    <string> -  Mass        : 2.316E-02 kg/h  </string>
    <string>  - Flux        : 1.376E-09 mg as/m2/h   </string>
    <string> Tot. Mass      : 5.910E-08 mg as/m2   </string>
    <string />
    <string> Pest. residue  : 1.85243E-11 mg/m2 from file 840520.owq (Run 1)</string>
    <string>dgPin (iwq) =       Prev. Event Residual mass (from *.owq) + </string>
    <string>              (Act. RunOffFlux + Act. ErosionFlux)</string>
    <string>                   * Event Duration</string>
    <string>dgPin (iwq) =       1.85243E-11 mg/m2           </string>
    <string>              (3.997E-09 mg/m2/h + 1.376E-09 mg/m2/h</string>
    <string>                   * 11h</string>
    <string> dgPin(iwq) for event at 30.05.1984 : 5.91215243E-08 mg as/m2</string>
    <string> write dgPin(iwq) to file 840530.iwq</string>
    <string>*********************************************************</string>
    <string> Start vfsm.exe for event no 2(30.05.1984 01:00:00)</string>
    <string>-------------------------------------------------------</string>
    <string> *** Runoff event info *** </string>
    <string>Run 3 of 7</string>
    <string>Event Data</string>
    <string> Date           : 21.Jun.84</string>
    <string> P2T row        : 2723</string>
    <string> Duration       : 16 h  </string>
    <string> Precipitation  : 32.1 mm    </string>
    <string> Runoff </string>
    <string>  - Volume      : 1.226E-02 mm/h  </string>
    <string>  - Flux        : 9.906E-12 mg as/m2/h  </string>
    <string> Erosion </string>
    <string> -  Mass        : 1.306E-02 kg/h  </string>
    <string>  - Flux        : 6.163E-12 mg as/m2/h   </string>
    <string> Tot. Mass      : 2.571E-10 mg as/m2   </string>
    <string />
    <string> Pest. residue  : 4.18484E-18 mg/m2 from file 840530.owq (Run 2)</string>
    <string>dgPin (iwq) =       Prev. Event Residual mass (from *.owq) + </string>
    <string>              (Act. RunOffFlux + Act. ErosionFlux)</string>
    <string>                   * Event Duration</string>
    <string>dgPin (iwq) =       4.18484E-18 mg/m2           </string>
    <string>              (9.906E-12 mg/m2/h + 6.163E-12 mg/m2/h</string>
    <string>                   * 16h</string>
    <string> dgPin(iwq) for event at 21.06.1984 : 2.5710400418484E-10 mg as/m2</string>
    <string> write dgPin(iwq) to file 840621.iwq</string>
    <string>*********************************************************</string>
    <string> Start vfsm.exe for event no 3(21.06.1984 01:00:00)</string>
    <string>-------------------------------------------------------</string>
    <string> *** Runoff event info *** </string>
    <string>Run 4 of 7</string>
    <string>Event Data</string>
    <string> Date           : 09.Sep.84</string>
    <string> P2T row        : 4643</string>
    <string> Duration       : 11 h  </string>
    <string> Precipitation  : 21.3 mm    </string>
    <string> Runoff </string>
    <string>  - Volume      : 2.680E-02 mm/h  </string>
    <string>  - Flux        : 3.363E-17 mg as/m2/h  </string>
    <string> Erosion </string>
    <string> -  Mass        : 3.455E-02 kg/h  </string>
    <string>  - Flux        : 2.776E-17 mg as/m2/h   </string>
    <string> Tot. Mass      : 6.753E-16 mg as/m2   </string>
    <string />
    <string> Pest. residue  : 2.18371E-66 mg/m2 from file 840621.owq (Run 3)</string>
    <string>dgPin (iwq) =       Prev. Event Residual mass (from *.owq) + </string>
    <string>              (Act. RunOffFlux + Act. ErosionFlux)</string>
    <string>                   * Event Duration</string>
    <string>dgPin (iwq) =       2.18371E-66 mg/m2           </string>
    <string>              (3.363E-17 mg/m2/h + 2.776E-17 mg/m2/h</string>
    <string>                   * 11h</string>
    <string> dgPin(iwq) for event at 09.09.1984 : 6.7529E-16 mg as/m2</string>
    <string> write dgPin(iwq) to file 840909.iwq</string>
    <string>*********************************************************</string>
    <string> Start vfsm.exe for event no 4(09.09.1984 01:00:00)</string>
    <string>-------------------------------------------------------</string>
    <string> *** Runoff event info *** </string>
    <string>Run 5 of 7</string>
    <string>Event Data</string>
    <string> Date           : 22.Nov.84</string>
    <string> P2T row        : 6419</string>
    <string> Duration       : 12 h  </string>
    <string> Precipitation  : 23.8 mm    </string>
    <string> Runoff </string>
    <string>  - Volume      : 5.340E-02 mm/h  </string>
    <string>  - Flux        : 4.087E-23 mg as/m2/h  </string>
    <string> Erosion </string>
    <string> -  Mass        : 3.984E-02 kg/h  </string>
    <string>  - Flux        : 3.521E-23 mg as/m2/h   </string>
    <string> Tot. Mass      : 9.130E-22 mg as/m2   </string>
    <string />
    <string> Pest. residue  : 6.87171E-42 mg/m2 from file 840909.owq (Run 4)</string>
    <string>dgPin (iwq) =       Prev. Event Residual mass (from *.owq) + </string>
    <string>              (Act. RunOffFlux + Act. ErosionFlux)</string>
    <string>                   * Event Duration</string>
    <string>dgPin (iwq) =       6.87171E-42 mg/m2           </string>
    <string>              (4.087E-23 mg/m2/h + 3.521E-23 mg/m2/h</string>
    <string>                   * 12h</string>
    <string> dgPin(iwq) for event at 22.11.1984 : 9.1296E-22 mg as/m2</string>
    <string> write dgPin(iwq) to file 841122.iwq</string>
    <string>*********************************************************</string>
    <string> Start vfsm.exe for event no 5(22.11.1984 01:00:00)</string>
    <string>-------------------------------------------------------</string>
    <string> *** Runoff event info *** </string>
    <string>Run 6 of 7</string>
    <string>Event Data</string>
    <string> Date           : 18.Dez.84</string>
    <string> P2T row        : 7043</string>
    <string> Duration       : 8 h  </string>
    <string> Precipitation  : 16.4 mm    </string>
    <string> Runoff </string>
    <string>  - Volume      : 3.192E-05 mm/h  </string>
    <string>  - Flux        : 1.745E-27 mg as/m2/h  </string>
    <string> Erosion </string>
    <string> -  Mass        : 1.805E-06 kg/h  </string>
    <string>  - Flux        : 7.948E-28 mg as/m2/h   </string>
    <string> Tot. Mass      : 2.032E-26 mg as/m2   </string>
    <string />
    <string> Pest. residue  : 1.31197E-26 mg/m2 from file 841122.owq (Run 5)</string>
    <string>dgPin (iwq) =       Prev. Event Residual mass (from *.owq) + </string>
    <string>              (Act. RunOffFlux + Act. ErosionFlux)</string>
    <string>                   * Event Duration</string>
    <string>dgPin (iwq) =       1.31197E-26 mg/m2           </string>
    <string>              (1.745E-27 mg/m2/h + 7.948E-28 mg/m2/h</string>
    <string>                   * 8h</string>
    <string> dgPin(iwq) for event at 18.12.1984 : 3.34381E-26 mg as/m2</string>
    <string> write dgPin(iwq) to file 841218.iwq</string>
    <string>*********************************************************</string>
    <string> Start vfsm.exe for event no 6(18.12.1984 01:00:00)</string>
    <string>-------------------------------------------------------</string>
    <string> *** Runoff event info *** </string>
    <string>Run 7 of 7</string>
    <string>Event Data</string>
    <string> Date           : 02.Feb.85</string>
    <string> P2T row        : 8147</string>
    <string> Duration       : 9 h  </string>
    <string> Precipitation  : 17.4 mm    </string>
    <string> Runoff </string>
    <string>  - Volume      : 1.764E-03 mm/h  </string>
    <string>  - Flux        : 6.474E-27 mg as/m2/h  </string>
    <string> Erosion </string>
    <string> -  Mass        : 3.893E-04 kg/h  </string>
    <string>  - Flux        : 2.872E-27 mg as/m2/h   </string>
    <string> Tot. Mass      : 8.411E-26 mg as/m2   </string>
    <string />
    <string> Pest. residue  : 6.49491E-31 mg/m2 from file 841218.owq (Run 6)</string>
    <string>dgPin (iwq) =       Prev. Event Residual mass (from *.owq) + </string>
    <string>              (Act. RunOffFlux + Act. ErosionFlux)</string>
    <string>                   * Event Duration</string>
    <string>dgPin (iwq) =       6.49491E-31 mg/m2           </string>
    <string>              (6.474E-27 mg/m2/h + 2.872E-27 mg/m2/h</string>
    <string>                   * 9h</string>
    <string> dgPin(iwq) for event at 02.02.1985 : 8.4114649491E-26 mg as/m2</string>
    <string> write dgPin(iwq) to file 850202.iwq</string>
    <string>*********************************************************</string>
    <string> Start vfsm.exe for event no 7(02.02.1985 01:00:00)</string>
  </dgPinLog>
  <PRZMOutData>
    <P2TEventList>
      <P2TEvent>
        <EventDate>1984-05-20T01:00:00</EventDate>
        <EventDuration>10</EventDuration>
        <TrianglePeakTimmingFactor>2.67</TrianglePeakTimmingFactor>
        <Days2NextEvent>10</Days2NextEvent>
        <P2TRow>1955</P2TRow>
        <RunOffVolume>0.005146</RunOffVolume>
        <RunOffFlux>2.698E-08</RunOffFlux>
        <ErosionMass>0.002922</ErosionMass>
        <ErosionFlux>6.366E-09</ErosionFlux>
        <Precipitation>19.9</Precipitation>
        <VFSmodResult>
          <EventDate>1984-05-20T01:00:00</EventDate>
          <SedimentReduction>1</SedimentReduction>
          <RunoffInflowReduction>0</RunoffInflowReduction>
          <PesticideReduction>0.6004</PesticideReduction>
          <ResidualMass>1.85243E-11</ResidualMass>
          <RunoffInflow>0.507</RunoffInflow>
          <SedimentInflow>0.064</SedimentInflow>
          <PhaseDistribution>7087.646</PhaseDistribution>
        </VFSmodResult>
      </P2TEvent>
      <P2TEvent>
        <EventDate>1984-05-30T01:00:00</EventDate>
        <EventDuration>11</EventDuration>
        <TrianglePeakTimmingFactor>2.67</TrianglePeakTimmingFactor>
        <Days2NextEvent>22</Days2NextEvent>
        <P2TRow>2195</P2TRow>
        <RunOffVolume>0.02041</RunOffVolume>
        <RunOffFlux>3.997E-09</RunOffFlux>
        <ErosionMass>0.02316</ErosionMass>
        <ErosionFlux>1.376E-09</ErosionFlux>
        <Precipitation>21.3</Precipitation>
        <VFSmodResult>
          <EventDate>1984-05-30T01:00:00</EventDate>
          <SedimentReduction>1</SedimentReduction>
          <RunoffInflowReduction>0</RunoffInflowReduction>
          <PesticideReduction>0.67926</PesticideReduction>
          <ResidualMass>4.18484E-18</ResidualMass>
          <RunoffInflow>2.23</RunoffInflow>
          <SedimentInflow>0.563</SedimentInflow>
          <PhaseDistribution>971.876</PhaseDistribution>
        </VFSmodResult>
      </P2TEvent>
      <P2TEvent>
        <EventDate>1984-06-21T01:00:00</EventDate>
        <EventDuration>16</EventDuration>
        <TrianglePeakTimmingFactor>2.67</TrianglePeakTimmingFactor>
        <Days2NextEvent>80</Days2NextEvent>
        <P2TRow>2723</P2TRow>
        <RunOffVolume>0.01226</RunOffVolume>
        <RunOffFlux>9.906E-12</RunOffFlux>
        <ErosionMass>0.01306</ErosionMass>
        <ErosionFlux>6.163E-12</ErosionFlux>
        <Precipitation>32.1</Precipitation>
        <VFSmodResult>
          <EventDate>1984-06-21T01:00:00</EventDate>
          <SedimentReduction>1</SedimentReduction>
          <RunoffInflowReduction>0</RunoffInflowReduction>
          <PesticideReduction>0.60746</PesticideReduction>
          <ResidualMass>2.18371E-66</ResidualMass>
          <RunoffInflow>1.95</RunoffInflow>
          <SedimentInflow>0.46</SedimentInflow>
          <PhaseDistribution>1677.569</PhaseDistribution>
        </VFSmodResult>
      </P2TEvent>
      <P2TEvent>
        <EventDate>1984-09-09T01:00:00</EventDate>
        <EventDuration>11</EventDuration>
        <TrianglePeakTimmingFactor>2.67</TrianglePeakTimmingFactor>
        <Days2NextEvent>74</Days2NextEvent>
        <P2TRow>4643</P2TRow>
        <RunOffVolume>0.0268</RunOffVolume>
        <RunOffFlux>3.363E-17</RunOffFlux>
        <ErosionMass>0.03455</ErosionMass>
        <ErosionFlux>2.776E-17</ErosionFlux>
        <Precipitation>21.3</Precipitation>
        <VFSmodResult>
          <EventDate>1984-09-09T01:00:00</EventDate>
          <SedimentReduction>1</SedimentReduction>
          <RunoffInflowReduction>0</RunoffInflowReduction>
          <PesticideReduction>0.70748</PesticideReduction>
          <ResidualMass>6.87171E-42</ResidualMass>
          <RunoffInflow>2.92</RunoffInflow>
          <SedimentInflow>0.835</SedimentInflow>
          <PhaseDistribution>684.725</PhaseDistribution>
        </VFSmodResult>
      </P2TEvent>
      <P2TEvent>
        <EventDate>1984-11-22T01:00:00</EventDate>
        <EventDuration>12</EventDuration>
        <TrianglePeakTimmingFactor>2.67</TrianglePeakTimmingFactor>
        <Days2NextEvent>26</Days2NextEvent>
        <P2TRow>6419</P2TRow>
        <RunOffVolume>0.0534</RunOffVolume>
        <RunOffFlux>4.087E-23</RunOffFlux>
        <ErosionMass>0.03984</ErosionMass>
        <ErosionFlux>3.521E-23</ErosionFlux>
        <Precipitation>23.8</Precipitation>
        <VFSmodResult>
          <EventDate>1984-11-22T01:00:00</EventDate>
          <SedimentReduction>0.99999</SedimentReduction>
          <RunoffInflowReduction>0</RunoffInflowReduction>
          <PesticideReduction>0.54726</PesticideReduction>
          <ResidualMass>1.31197E-26</ResidualMass>
          <RunoffInflow>6.37</RunoffInflow>
          <SedimentInflow>1.06</SedimentInflow>
          <PhaseDistribution>712.489</PhaseDistribution>
        </VFSmodResult>
      </P2TEvent>
      <P2TEvent>
        <EventDate>1984-12-18T01:00:00</EventDate>
        <EventDuration>8</EventDuration>
        <TrianglePeakTimmingFactor>2.67</TrianglePeakTimmingFactor>
        <Days2NextEvent>46</Days2NextEvent>
        <P2TRow>7043</P2TRow>
        <RunOffVolume>3.192E-05</RunOffVolume>
        <RunOffFlux>1.745E-27</RunOffFlux>
        <ErosionMass>1.805E-06</ErosionMass>
        <ErosionFlux>7.948E-28</ErosionFlux>
        <Precipitation>16.4</Precipitation>
        <VFSmodResult>
          <EventDate>1984-12-18T01:00:00</EventDate>
          <SedimentReduction>1</SedimentReduction>
          <RunoffInflowReduction>0</RunoffInflowReduction>
          <PesticideReduction>0.43069</PesticideReduction>
          <ResidualMass>6.49491E-31</ResidualMass>
          <RunoffInflow>0.00254</RunoffInflow>
          <SedimentInflow>3.19E-05</SedimentInflow>
          <PhaseDistribution>11200000</PhaseDistribution>
        </VFSmodResult>
      </P2TEvent>
      <P2TEvent>
        <EventDate>1985-02-02T01:00:00</EventDate>
        <EventDuration>9</EventDuration>
        <TrianglePeakTimmingFactor>2.67</TrianglePeakTimmingFactor>
        <Days2NextEvent>0</Days2NextEvent>
        <P2TRow>8147</P2TRow>
        <RunOffVolume>0.001764</RunOffVolume>
        <RunOffFlux>6.474E-27</RunOffFlux>
        <ErosionMass>0.0003893</ErosionMass>
        <ErosionFlux>2.872E-27</ErosionFlux>
        <Precipitation>17.4</Precipitation>
        <VFSmodResult>
          <EventDate>1985-02-02T01:00:00</EventDate>
          <SedimentReduction>1</SedimentReduction>
          <RunoffInflowReduction>0</RunoffInflowReduction>
          <PesticideReduction>0.56103</PesticideReduction>
          <ResidualMass>6.968E-27</ResidualMass>
          <RunoffInflow>0.156</RunoffInflow>
          <SedimentInflow>0.00766</SedimentInflow>
          <PhaseDistribution>50400</PhaseDistribution>
        </VFSmodResult>
      </P2TEvent>
    </P2TEventList>
  </PRZMOutData>
  <ScenarioUserInput>
    <StdValues>
      <VL>6</VL>
      <N>69</N>
    </StdValues>
    <ScenarioProperties>
      <FOCUSScenario>R1</FOCUSScenario>
      <SOA>0.03</SOA>
      <KS>7.04E-07</KS>
      <SAV>0.17</SAV>
      <ThetaS>0.447</ThetaS>
      <PCTOC>1.2</PCTOC>
      <PCTC>13</PCTC>
      <RHO>1.35</RHO>
      <FC>0.338</FC>
      <hmax>0.709</hmax>
      <ThetaR>0.065</ThetaR>
      <Alfa>0.51</Alfa>
      <n>1.6634</n>
    </ScenarioProperties>
    <CompoundProperties>
      <Kd>27.456</Kd>
      <RateConstant>1.33298</RateConstant>
    </CompoundProperties>
  </ScenarioUserInput>
  <VFSmodInputFileSets>
    <VFSmodInputFilesSet>
      <IKW>
        <SX>6</SX>
        <N>69</N>
        <TITLE>840520</TITLE>
        <VL>6</VL>
        <SOA>0.03</SOA>
      </IKW>
      <ISO>
        <SAV>0.17</SAV>
        <Ks>7.04E-07</Ks>
        <ThetaS>0.447</ThetaS>
        <ThetaI>0.27</ThetaI>
        <SCHK>0.5</SCHK>
        <WDT>0.41527</WDT>
        <hmax>0.709</hmax>
        <ThetaR>0.065</ThetaR>
        <Alfa>0.51</Alfa>
        <n>1.6634</n>
      </ISO>
      <IGR />
      <ISD>
        <DP>0.002</DP>
      </ISD>
      <IRN>
        <RPEAK>5.5277777777777772E-07</RPEAK>
        <EventEndTime>36000</EventEndTime>
      </IRN>
      <IRO>
        <EventEndTime>36000</EventEndTime>
        <TrianglePeakTime>13483</TrianglePeakTime>
      </IRO>
      <IWQ>
        <PCTC>13</PCTC>
        <Kd>27.456</Kd>
        <ndgday>10</ndgday>
        <dgHalfL>0.52</dgHalfL>
        <FC>0.338</FC>
        <dgPin>3.3346E-07</dgPin>
        <DateStrings>
          <string>   12.4</string>
          <string>   12.3</string>
          <string>   13.6</string>
          <string>   12.7</string>
          <string>   10.6</string>
          <string>   13.2</string>
          <string>   14.1</string>
          <string>   12.3</string>
          <string>   10.1</string>
          <string>    9.3</string>
        </DateStrings>
        <FOCUSTemperatures>
          <string>   12.4</string>
          <string>   12.3</string>
          <string>   13.6</string>
          <string>   12.7</string>
          <string>   10.6</string>
          <string>   13.2</string>
          <string>   14.1</string>
          <string>   12.3</string>
          <string>   10.1</string>
          <string>    9.3</string>
        </FOCUSTemperatures>
        <ThetaI>
          <string>   0.27</string>
          <string>  0.271</string>
          <string>  0.268</string>
          <string>  0.274</string>
          <string>  0.281</string>
          <string>  0.279</string>
          <string>  0.291</string>
          <string>  0.289</string>
          <string>  0.287</string>
          <string>  0.288</string>
        </ThetaI>
      </IWQ>
    </VFSmodInputFilesSet>
    <VFSmodInputFilesSet>
      <IKW>
        <SX>6</SX>
        <N>69</N>
        <TITLE>840530</TITLE>
        <VL>6</VL>
        <SOA>0.03</SOA>
      </IKW>
      <ISO>
        <SAV>0.17</SAV>
        <Ks>7.04E-07</Ks>
        <ThetaS>0.447</ThetaS>
        <ThetaI>0.307</ThetaI>
        <SCHK>0.5</SCHK>
        <WDT>0.41527</WDT>
        <hmax>0.709</hmax>
        <ThetaR>0.065</ThetaR>
        <Alfa>0.51</Alfa>
        <n>1.6634</n>
      </ISO>
      <IGR />
      <ISD>
        <DP>0.002</DP>
      </ISD>
      <IRN>
        <RPEAK>5.3787878787878788E-07</RPEAK>
        <EventEndTime>39600</EventEndTime>
      </IRN>
      <IRO>
        <EventEndTime>39600</EventEndTime>
        <TrianglePeakTime>14831</TrianglePeakTime>
      </IRO>
      <IWQ>
        <PCTC>13</PCTC>
        <Kd>27.456</Kd>
        <ndgday>22</ndgday>
        <dgHalfL>0.52</dgHalfL>
        <FC>0.338</FC>
        <dgPin>5.9121524300000004E-08</dgPin>
        <DateStrings>
          <string>    9.7</string>
          <string>   11.3</string>
          <string>   13.1</string>
          <string>   15.8</string>
          <string>   18.1</string>
          <string>   13.8</string>
          <string>   11.8</string>
          <string>   13.5</string>
          <string>   12.8</string>
          <string>   13.4</string>
          <string>   12.2</string>
          <string>   14.1</string>
          <string>     15</string>
          <string>   14.6</string>
          <string>   16.9</string>
          <string>   19.2</string>
          <string>   13.7</string>
          <string>   14.7</string>
          <string>   15.1</string>
          <string>   16.9</string>
          <string>   18.7</string>
          <string>   19.8</string>
        </DateStrings>
        <FOCUSTemperatures>
          <string>    9.7</string>
          <string>   11.3</string>
          <string>   13.1</string>
          <string>   15.8</string>
          <string>   18.1</string>
          <string>   13.8</string>
          <string>   11.8</string>
          <string>   13.5</string>
          <string>   12.8</string>
          <string>   13.4</string>
          <string>   12.2</string>
          <string>   14.1</string>
          <string>     15</string>
          <string>   14.6</string>
          <string>   16.9</string>
          <string>   19.2</string>
          <string>   13.7</string>
          <string>   14.7</string>
          <string>   15.1</string>
          <string>   16.9</string>
          <string>   18.7</string>
          <string>   19.8</string>
        </FOCUSTemperatures>
        <ThetaI>
          <string>  0.307</string>
          <string>  0.305</string>
          <string>  0.303</string>
          <string>    0.3</string>
          <string>  0.308</string>
          <string>  0.306</string>
          <string>  0.307</string>
          <string>  0.304</string>
          <string>  0.304</string>
          <string>  0.301</string>
          <string>  0.298</string>
          <string>  0.293</string>
          <string>  0.295</string>
          <string>  0.291</string>
          <string>  0.286</string>
          <string>  0.282</string>
          <string>  0.279</string>
          <string>  0.276</string>
          <string>  0.272</string>
          <string>  0.267</string>
          <string>  0.262</string>
          <string>  0.258</string>
        </ThetaI>
      </IWQ>
    </VFSmodInputFilesSet>
    <VFSmodInputFilesSet>
      <IKW>
        <SX>6</SX>
        <N>69</N>
        <TITLE>840621</TITLE>
        <VL>6</VL>
        <SOA>0.03</SOA>
      </IKW>
      <ISO>
        <SAV>0.17</SAV>
        <Ks>7.04E-07</Ks>
        <ThetaS>0.447</ThetaS>
        <ThetaI>0.286</ThetaI>
        <SCHK>0.5</SCHK>
        <WDT>0.40971</WDT>
        <hmax>0.709</hmax>
        <ThetaR>0.065</ThetaR>
        <Alfa>0.51</Alfa>
        <n>1.6634</n>
      </ISO>
      <IGR />
      <ISD>
        <DP>0.002</DP>
      </ISD>
      <IRN>
        <RPEAK>5.572916666666667E-07</RPEAK>
        <EventEndTime>57600</EventEndTime>
      </IRN>
      <IRO>
        <EventEndTime>57600</EventEndTime>
        <TrianglePeakTime>21573</TrianglePeakTime>
      </IRO>
      <IWQ>
        <PCTC>13</PCTC>
        <Kd>27.456</Kd>
        <ndgday>80</ndgday>
        <dgHalfL>0.52</dgHalfL>
        <FC>0.338</FC>
        <dgPin>2.5710400418484E-10</dgPin>
        <DateStrings>
          <string>   20.2</string>
          <string>   19.8</string>
          <string>   16.1</string>
          <string>   13.7</string>
          <string>   11.5</string>
          <string>   16.5</string>
          <string>   16.1</string>
          <string>   17.6</string>
          <string>   13.1</string>
          <string>   12.1</string>
          <string>   13.6</string>
          <string>   16.8</string>
          <string>     13</string>
          <string>     13</string>
          <string>   13.9</string>
          <string>     15</string>
          <string>   16.2</string>
          <string>   19.2</string>
          <string>   21.9</string>
          <string>   24.3</string>
          <string>   26.6</string>
          <string>   21.3</string>
          <string>   18.3</string>
          <string>   16.8</string>
          <string>   17.1</string>
          <string>   14.6</string>
          <string>   14.4</string>
          <string>   16.1</string>
          <string>   17.3</string>
          <string>   16.3</string>
          <string>   14.9</string>
          <string>   16.9</string>
          <string>     18</string>
          <string>   17.5</string>
          <string>   19.5</string>
          <string>   15.9</string>
          <string>   16.6</string>
          <string>   15.9</string>
          <string>   22.1</string>
          <string>   21.6</string>
          <string>   24.5</string>
          <string>   20.3</string>
          <string>   18.3</string>
          <string>   22.7</string>
          <string>     21</string>
          <string>   19.7</string>
          <string>   16.9</string>
          <string>   16.4</string>
          <string>   17.4</string>
          <string>   18.4</string>
          <string>   17.9</string>
          <string>   15.7</string>
          <string>   16.4</string>
          <string>   18.6</string>
          <string>   18.6</string>
          <string>   18.9</string>
          <string>   18.7</string>
          <string>   18.4</string>
          <string>   18.2</string>
          <string>   19.2</string>
          <string>   19.2</string>
          <string>   19.2</string>
          <string>   19.6</string>
          <string>   20.9</string>
          <string>   19.1</string>
          <string>   17.3</string>
          <string>   18.7</string>
          <string>   18.2</string>
          <string>   18.6</string>
          <string>   18.2</string>
          <string>   17.9</string>
          <string>   20.1</string>
          <string>   20.6</string>
          <string>   20.3</string>
          <string>     20</string>
          <string>   20.5</string>
          <string>   13.3</string>
          <string>   11.2</string>
          <string>    9.7</string>
          <string>   10.5</string>
        </DateStrings>
        <FOCUSTemperatures>
          <string>   20.2</string>
          <string>   19.8</string>
          <string>   16.1</string>
          <string>   13.7</string>
          <string>   11.5</string>
          <string>   16.5</string>
          <string>   16.1</string>
          <string>   17.6</string>
          <string>   13.1</string>
          <string>   12.1</string>
          <string>   13.6</string>
          <string>   16.8</string>
          <string>     13</string>
          <string>     13</string>
          <string>   13.9</string>
          <string>     15</string>
          <string>   16.2</string>
          <string>   19.2</string>
          <string>   21.9</string>
          <string>   24.3</string>
          <string>   26.6</string>
          <string>   21.3</string>
          <string>   18.3</string>
          <string>   16.8</string>
          <string>   17.1</string>
          <string>   14.6</string>
          <string>   14.4</string>
          <string>   16.1</string>
          <string>   17.3</string>
          <string>   16.3</string>
          <string>   14.9</string>
          <string>   16.9</string>
          <string>     18</string>
          <string>   17.5</string>
          <string>   19.5</string>
          <string>   15.9</string>
          <string>   16.6</string>
          <string>   15.9</string>
          <string>   22.1</string>
          <string>   21.6</string>
          <string>   24.5</string>
          <string>   20.3</string>
          <string>   18.3</string>
          <string>   22.7</string>
          <string>     21</string>
          <string>   19.7</string>
          <string>   16.9</string>
          <string>   16.4</string>
          <string>   17.4</string>
          <string>   18.4</string>
          <string>   17.9</string>
          <string>   15.7</string>
          <string>   16.4</string>
          <string>   18.6</string>
          <string>   18.6</string>
          <string>   18.9</string>
          <string>   18.7</string>
          <string>   18.4</string>
          <string>   18.2</string>
          <string>   19.2</string>
          <string>   19.2</string>
          <string>   19.2</string>
          <string>   19.6</string>
          <string>   20.9</string>
          <string>   19.1</string>
          <string>   17.3</string>
          <string>   18.7</string>
          <string>   18.2</string>
          <string>   18.6</string>
          <string>   18.2</string>
          <string>   17.9</string>
          <string>   20.1</string>
          <string>   20.6</string>
          <string>   20.3</string>
          <string>     20</string>
          <string>   20.5</string>
          <string>   13.3</string>
          <string>   11.2</string>
          <string>    9.7</string>
          <string>   10.5</string>
        </FOCUSTemperatures>
        <ThetaI>
          <string>  0.286</string>
          <string>  0.282</string>
          <string>  0.286</string>
          <string>  0.283</string>
          <string>  0.281</string>
          <string>  0.277</string>
          <string>  0.281</string>
          <string>  0.278</string>
          <string>  0.274</string>
          <string>  0.272</string>
          <string>  0.271</string>
          <string>  0.274</string>
          <string>  0.274</string>
          <string>  0.272</string>
          <string>  0.269</string>
          <string>  0.265</string>
          <string>   0.26</string>
          <string>  0.254</string>
          <string>  0.249</string>
          <string>  0.243</string>
          <string>  0.237</string>
          <string>  0.232</string>
          <string>  0.227</string>
          <string>  0.243</string>
          <string>  0.241</string>
          <string>  0.245</string>
          <string>  0.243</string>
          <string>   0.24</string>
          <string>  0.237</string>
          <string>  0.234</string>
          <string>   0.23</string>
          <string>  0.225</string>
          <string>  0.221</string>
          <string>  0.217</string>
          <string>  0.218</string>
          <string>  0.215</string>
          <string>  0.214</string>
          <string>  0.213</string>
          <string>  0.208</string>
          <string>  0.203</string>
          <string>  0.221</string>
          <string>  0.219</string>
          <string>  0.215</string>
          <string>  0.211</string>
          <string>  0.212</string>
          <string>   0.21</string>
          <string>  0.206</string>
          <string>  0.203</string>
          <string>    0.2</string>
          <string>  0.199</string>
          <string>  0.205</string>
          <string>  0.206</string>
          <string>  0.205</string>
          <string>  0.202</string>
          <string>  0.198</string>
          <string>  0.195</string>
          <string>  0.191</string>
          <string>  0.187</string>
          <string>  0.184</string>
          <string>   0.18</string>
          <string>  0.176</string>
          <string>  0.172</string>
          <string>  0.169</string>
          <string>  0.165</string>
          <string>  0.163</string>
          <string>  0.162</string>
          <string>  0.161</string>
          <string>  0.159</string>
          <string>  0.156</string>
          <string>  0.153</string>
          <string>   0.15</string>
          <string>  0.147</string>
          <string>  0.143</string>
          <string>   0.14</string>
          <string>  0.136</string>
          <string>  0.159</string>
          <string>  0.159</string>
          <string>  0.166</string>
          <string>  0.172</string>
          <string>  0.175</string>
        </ThetaI>
      </IWQ>
    </VFSmodInputFilesSet>
    <VFSmodInputFilesSet>
      <IKW>
        <SX>6</SX>
        <N>69</N>
        <TITLE>840909</TITLE>
        <VL>6</VL>
        <SOA>0.03</SOA>
      </IKW>
      <ISO>
        <SAV>0.17</SAV>
        <Ks>7.04E-07</Ks>
        <ThetaS>0.447</ThetaS>
        <ThetaI>0.194</ThetaI>
        <SCHK>0.5</SCHK>
        <WDT>0.4092</WDT>
        <hmax>0.709</hmax>
        <ThetaR>0.065</ThetaR>
        <Alfa>0.51</Alfa>
        <n>1.6634</n>
      </ISO>
      <IGR />
      <ISD>
        <DP>0.002</DP>
      </ISD>
      <IRN>
        <RPEAK>5.3787878787878788E-07</RPEAK>
        <EventEndTime>39600</EventEndTime>
      </IRN>
      <IRO>
        <EventEndTime>39600</EventEndTime>
        <TrianglePeakTime>14831</TrianglePeakTime>
      </IRO>
      <IWQ>
        <PCTC>13</PCTC>
        <Kd>27.456</Kd>
        <ndgday>74</ndgday>
        <dgHalfL>0.52</dgHalfL>
        <FC>0.338</FC>
        <dgPin>6.7529E-16</dgPin>
        <DateStrings>
          <string>   12.2</string>
          <string>   13.5</string>
          <string>   13.5</string>
          <string>   14.9</string>
          <string>   17.1</string>
          <string>   16.5</string>
          <string>   15.3</string>
          <string>   14.6</string>
          <string>   14.1</string>
          <string>   14.4</string>
          <string>   13.8</string>
          <string>     15</string>
          <string>   15.1</string>
          <string>   11.2</string>
          <string>     11</string>
          <string>    9.9</string>
          <string>   10.2</string>
          <string>   10.7</string>
          <string>   11.4</string>
          <string>   11.9</string>
          <string>   14.9</string>
          <string>   15.3</string>
          <string>   15.7</string>
          <string>   12.8</string>
          <string>    9.8</string>
          <string>   10.6</string>
          <string>   13.1</string>
          <string>   11.6</string>
          <string>   11.1</string>
          <string>    9.7</string>
          <string>   13.6</string>
          <string>   15.2</string>
          <string>   12.4</string>
          <string>   12.4</string>
          <string>   11.4</string>
          <string>   10.5</string>
          <string>   11.9</string>
          <string>   11.6</string>
          <string>    9.4</string>
          <string>     14</string>
          <string>   16.1</string>
          <string>   13.5</string>
          <string>   10.4</string>
          <string>    8.2</string>
          <string>   12.7</string>
          <string>   12.9</string>
          <string>   12.1</string>
          <string>   11.5</string>
          <string>    9.1</string>
          <string>    6.8</string>
          <string>    7.4</string>
          <string>      7</string>
          <string>      7</string>
          <string>    4.9</string>
          <string>    4.4</string>
          <string>    5.6</string>
          <string>    7.2</string>
          <string>      7</string>
          <string>    6.1</string>
          <string>    4.6</string>
          <string>    7.1</string>
          <string>    5.8</string>
          <string>    6.9</string>
          <string>    7.9</string>
          <string>    5.6</string>
          <string>    4.8</string>
          <string>    2.9</string>
          <string>    1.8</string>
          <string>    3.3</string>
          <string>    5.4</string>
          <string>    5.9</string>
          <string>    1.9</string>
          <string>    4.3</string>
          <string>    5.3</string>
        </DateStrings>
        <FOCUSTemperatures>
          <string>   12.2</string>
          <string>   13.5</string>
          <string>   13.5</string>
          <string>   14.9</string>
          <string>   17.1</string>
          <string>   16.5</string>
          <string>   15.3</string>
          <string>   14.6</string>
          <string>   14.1</string>
          <string>   14.4</string>
          <string>   13.8</string>
          <string>     15</string>
          <string>   15.1</string>
          <string>   11.2</string>
          <string>     11</string>
          <string>    9.9</string>
          <string>   10.2</string>
          <string>   10.7</string>
          <string>   11.4</string>
          <string>   11.9</string>
          <string>   14.9</string>
          <string>   15.3</string>
          <string>   15.7</string>
          <string>   12.8</string>
          <string>    9.8</string>
          <string>   10.6</string>
          <string>   13.1</string>
          <string>   11.6</string>
          <string>   11.1</string>
          <string>    9.7</string>
          <string>   13.6</string>
          <string>   15.2</string>
          <string>   12.4</string>
          <string>   12.4</string>
          <string>   11.4</string>
          <string>   10.5</string>
          <string>   11.9</string>
          <string>   11.6</string>
          <string>    9.4</string>
          <string>     14</string>
          <string>   16.1</string>
          <string>   13.5</string>
          <string>   10.4</string>
          <string>    8.2</string>
          <string>   12.7</string>
          <string>   12.9</string>
          <string>   12.1</string>
          <string>   11.5</string>
          <string>    9.1</string>
          <string>    6.8</string>
          <string>    7.4</string>
          <string>      7</string>
          <string>      7</string>
          <string>    4.9</string>
          <string>    4.4</string>
          <string>    5.6</string>
          <string>    7.2</string>
          <string>      7</string>
          <string>    6.1</string>
          <string>    4.6</string>
          <string>    7.1</string>
          <string>    5.8</string>
          <string>    6.9</string>
          <string>    7.9</string>
          <string>    5.6</string>
          <string>    4.8</string>
          <string>    2.9</string>
          <string>    1.8</string>
          <string>    3.3</string>
          <string>    5.4</string>
          <string>    5.9</string>
          <string>    1.9</string>
          <string>    4.3</string>
          <string>    5.3</string>
        </FOCUSTemperatures>
        <ThetaI>
          <string>  0.194</string>
          <string>  0.192</string>
          <string>  0.189</string>
          <string>  0.188</string>
          <string>  0.186</string>
          <string>  0.201</string>
          <string>  0.207</string>
          <string>  0.206</string>
          <string>  0.206</string>
          <string>  0.205</string>
          <string>  0.203</string>
          <string>  0.202</string>
          <string>  0.202</string>
          <string>  0.204</string>
          <string>  0.216</string>
          <string>  0.215</string>
          <string>  0.218</string>
          <string>  0.217</string>
          <string>  0.216</string>
          <string>  0.214</string>
          <string>  0.213</string>
          <string>  0.212</string>
          <string>  0.223</string>
          <string>  0.221</string>
          <string>  0.222</string>
          <string>  0.222</string>
          <string>  0.228</string>
          <string>  0.231</string>
          <string>  0.229</string>
          <string>  0.228</string>
          <string>  0.228</string>
          <string>  0.227</string>
          <string>  0.226</string>
          <string>  0.225</string>
          <string>  0.224</string>
          <string>  0.224</string>
          <string>  0.223</string>
          <string>  0.222</string>
          <string>  0.221</string>
          <string>   0.22</string>
          <string>  0.222</string>
          <string>   0.22</string>
          <string>  0.219</string>
          <string>  0.219</string>
          <string>  0.218</string>
          <string>  0.218</string>
          <string>  0.227</string>
          <string>  0.229</string>
          <string>  0.228</string>
          <string>  0.228</string>
          <string>  0.228</string>
          <string>  0.227</string>
          <string>  0.227</string>
          <string>  0.227</string>
          <string>  0.227</string>
          <string>  0.227</string>
          <string>  0.227</string>
          <string>  0.227</string>
          <string>  0.226</string>
          <string>  0.226</string>
          <string>  0.226</string>
          <string>  0.226</string>
          <string>  0.225</string>
          <string>  0.225</string>
          <string>  0.225</string>
          <string>  0.224</string>
          <string>  0.224</string>
          <string>  0.224</string>
          <string>  0.224</string>
          <string>  0.227</string>
          <string>  0.227</string>
          <string>  0.229</string>
          <string>   0.23</string>
          <string>  0.235</string>
        </ThetaI>
      </IWQ>
    </VFSmodInputFilesSet>
    <VFSmodInputFilesSet>
      <IKW>
        <SX>6</SX>
        <N>69</N>
        <TITLE>841122</TITLE>
        <VL>6</VL>
        <SOA>0.03</SOA>
      </IKW>
      <ISO>
        <SAV>0.17</SAV>
        <Ks>7.04E-07</Ks>
        <ThetaS>0.447</ThetaS>
        <ThetaI>0.258</ThetaI>
        <SCHK>0.5</SCHK>
        <WDT>0.41278</WDT>
        <hmax>0.709</hmax>
        <ThetaR>0.065</ThetaR>
        <Alfa>0.51</Alfa>
        <n>1.6634</n>
      </ISO>
      <IGR />
      <ISD>
        <DP>0.002</DP>
      </ISD>
      <IRN>
        <RPEAK>5.5092592592592593E-07</RPEAK>
        <EventEndTime>43200</EventEndTime>
      </IRN>
      <IRO>
        <EventEndTime>43200</EventEndTime>
        <TrianglePeakTime>16180</TrianglePeakTime>
      </IRO>
      <IWQ>
        <PCTC>13</PCTC>
        <Kd>27.456</Kd>
        <ndgday>26</ndgday>
        <dgHalfL>0.52</dgHalfL>
        <FC>0.338</FC>
        <dgPin>9.1296000000000015E-22</dgPin>
        <DateStrings>
          <string>    9.2</string>
          <string>     14</string>
          <string>   12.4</string>
          <string>   10.1</string>
          <string>    7.8</string>
          <string>    3.8</string>
          <string>    2.2</string>
          <string>      3</string>
          <string>   -1.1</string>
          <string>   -1.4</string>
          <string>   -0.4</string>
          <string>    3.1</string>
          <string>    3.6</string>
          <string>    3.4</string>
          <string>      2</string>
          <string>    3.1</string>
          <string>    3.1</string>
          <string>    3.2</string>
          <string>    2.6</string>
          <string>    3.6</string>
          <string>    1.8</string>
          <string>      1</string>
          <string>    3.2</string>
          <string>    1.3</string>
          <string>    2.1</string>
          <string>    3.9</string>
        </DateStrings>
        <FOCUSTemperatures>
          <string>    9.2</string>
          <string>     14</string>
          <string>   12.4</string>
          <string>   10.1</string>
          <string>    7.8</string>
          <string>    3.8</string>
          <string>    2.2</string>
          <string>      3</string>
          <string>   -1.1</string>
          <string>   -1.4</string>
          <string>   -0.4</string>
          <string>    3.1</string>
          <string>    3.6</string>
          <string>    3.4</string>
          <string>      2</string>
          <string>    3.1</string>
          <string>    3.1</string>
          <string>    3.2</string>
          <string>    2.6</string>
          <string>    3.6</string>
          <string>    1.8</string>
          <string>      1</string>
          <string>    3.2</string>
          <string>    1.3</string>
          <string>    2.1</string>
          <string>    3.9</string>
        </FOCUSTemperatures>
        <ThetaI>
          <string>  0.258</string>
          <string>  0.269</string>
          <string>  0.269</string>
          <string>  0.269</string>
          <string>  0.274</string>
          <string>  0.274</string>
          <string>  0.274</string>
          <string>  0.274</string>
          <string>  0.273</string>
          <string>  0.273</string>
          <string>  0.273</string>
          <string>  0.273</string>
          <string>  0.273</string>
          <string>  0.272</string>
          <string>  0.272</string>
          <string>  0.272</string>
          <string>  0.272</string>
          <string>  0.273</string>
          <string>  0.273</string>
          <string>  0.273</string>
          <string>  0.273</string>
          <string>  0.279</string>
          <string>  0.279</string>
          <string>  0.279</string>
          <string>  0.282</string>
          <string>  0.282</string>
        </ThetaI>
      </IWQ>
    </VFSmodInputFilesSet>
    <VFSmodInputFilesSet>
      <IKW>
        <SX>6</SX>
        <N>69</N>
        <TITLE>841218</TITLE>
        <VL>6</VL>
        <SOA>0.03</SOA>
      </IKW>
      <ISO>
        <SAV>0.17</SAV>
        <Ks>7.04E-07</Ks>
        <ThetaS>0.447</ThetaS>
        <ThetaI>0.298</ThetaI>
        <SCHK>0.5</SCHK>
        <WDT>0.41495</WDT>
        <hmax>0.709</hmax>
        <ThetaR>0.065</ThetaR>
        <Alfa>0.51</Alfa>
        <n>1.6634</n>
      </ISO>
      <IGR />
      <ISD>
        <DP>0.002</DP>
      </ISD>
      <IRN>
        <RPEAK>5.694444444444444E-07</RPEAK>
        <EventEndTime>28800</EventEndTime>
      </IRN>
      <IRO>
        <EventEndTime>28800</EventEndTime>
        <TrianglePeakTime>10787</TrianglePeakTime>
      </IRO>
      <IWQ>
        <PCTC>13</PCTC>
        <Kd>27.456</Kd>
        <ndgday>46</ndgday>
        <dgHalfL>0.52</dgHalfL>
        <FC>0.338</FC>
        <dgPin>3.34381E-26</dgPin>
        <DateStrings>
          <string>    4.1</string>
          <string>    2.3</string>
          <string>    5.3</string>
          <string>    6.2</string>
          <string>    1.5</string>
          <string>   -0.6</string>
          <string>    1.8</string>
          <string>    0.5</string>
          <string>    0.7</string>
          <string>      1</string>
          <string>      1</string>
          <string>   -1.3</string>
          <string>   -1.3</string>
          <string>   -4.1</string>
          <string>   -2.2</string>
          <string>   -2.2</string>
          <string>     -5</string>
          <string>   -8.1</string>
          <string>  -11.1</string>
          <string>  -14.3</string>
          <string>  -15.5</string>
          <string>  -15.7</string>
          <string>  -15.1</string>
          <string>  -11.2</string>
          <string>  -10.3</string>
          <string>  -10.5</string>
          <string>  -11.8</string>
          <string>  -12.1</string>
          <string>  -10.2</string>
          <string>   -8.1</string>
          <string>   -6.7</string>
          <string>     -9</string>
          <string>   -4.3</string>
          <string>     -1</string>
          <string>    1.3</string>
          <string>    4.9</string>
          <string>    2.8</string>
          <string>    0.1</string>
          <string>    0.1</string>
          <string>    3.5</string>
          <string>    1.2</string>
          <string>   -2.5</string>
          <string>    3.2</string>
          <string>    4.3</string>
          <string>    4.6</string>
          <string>    7.2</string>
        </DateStrings>
        <FOCUSTemperatures>
          <string>    4.1</string>
          <string>    2.3</string>
          <string>    5.3</string>
          <string>    6.2</string>
          <string>    1.5</string>
          <string>   -0.6</string>
          <string>    1.8</string>
          <string>    0.5</string>
          <string>    0.7</string>
          <string>      1</string>
          <string>      1</string>
          <string>   -1.3</string>
          <string>   -1.3</string>
          <string>   -4.1</string>
          <string>   -2.2</string>
          <string>   -2.2</string>
          <string>     -5</string>
          <string>   -8.1</string>
          <string>  -11.1</string>
          <string>  -14.3</string>
          <string>  -15.5</string>
          <string>  -15.7</string>
          <string>  -15.1</string>
          <string>  -11.2</string>
          <string>  -10.3</string>
          <string>  -10.5</string>
          <string>  -11.8</string>
          <string>  -12.1</string>
          <string>  -10.2</string>
          <string>   -8.1</string>
          <string>   -6.7</string>
          <string>     -9</string>
          <string>   -4.3</string>
          <string>     -1</string>
          <string>    1.3</string>
          <string>    4.9</string>
          <string>    2.8</string>
          <string>    0.1</string>
          <string>    0.1</string>
          <string>    3.5</string>
          <string>    1.2</string>
          <string>   -2.5</string>
          <string>    3.2</string>
          <string>    4.3</string>
          <string>    4.6</string>
          <string>    7.2</string>
        </FOCUSTemperatures>
        <ThetaI>
          <string>  0.298</string>
          <string>  0.298</string>
          <string>    0.3</string>
          <string>    0.3</string>
          <string>    0.3</string>
          <string>    0.3</string>
          <string>  0.303</string>
          <string>  0.306</string>
          <string>  0.306</string>
          <string>  0.305</string>
          <string>  0.305</string>
          <string>  0.305</string>
          <string>  0.305</string>
          <string>  0.305</string>
          <string>  0.311</string>
          <string>  0.312</string>
          <string>  0.312</string>
          <string>  0.312</string>
          <string>  0.312</string>
          <string>  0.312</string>
          <string>  0.312</string>
          <string>  0.312</string>
          <string>  0.312</string>
          <string>  0.312</string>
          <string>  0.312</string>
          <string>  0.312</string>
          <string>  0.312</string>
          <string>  0.311</string>
          <string>  0.311</string>
          <string>  0.311</string>
          <string>  0.311</string>
          <string>  0.311</string>
          <string>  0.312</string>
          <string>  0.312</string>
          <string>  0.312</string>
          <string>  0.312</string>
          <string>  0.312</string>
          <string>  0.312</string>
          <string>  0.312</string>
          <string>  0.312</string>
          <string>  0.311</string>
          <string>  0.311</string>
          <string>  0.312</string>
          <string>  0.312</string>
          <string>  0.312</string>
          <string>  0.312</string>
        </ThetaI>
      </IWQ>
    </VFSmodInputFilesSet>
    <VFSmodInputFilesSet>
      <IKW>
        <SX>6</SX>
        <N>69</N>
        <TITLE>850202</TITLE>
        <VL>6</VL>
        <SOA>0.03</SOA>
      </IKW>
      <ISO>
        <SAV>0.17</SAV>
        <Ks>7.04E-07</Ks>
        <ThetaS>0.447</ThetaS>
        <ThetaI>0.312</ThetaI>
        <SCHK>0.5</SCHK>
        <WDT>0.41777</WDT>
        <hmax>0.709</hmax>
        <ThetaR>0.065</ThetaR>
        <Alfa>0.51</Alfa>
        <n>1.6634</n>
      </ISO>
      <IGR />
      <ISD>
        <DP>0.002</DP>
      </ISD>
      <IRN>
        <RPEAK>5.37037037037037E-07</RPEAK>
        <EventEndTime>32400</EventEndTime>
      </IRN>
      <IRO>
        <EventEndTime>32400</EventEndTime>
        <TrianglePeakTime>12135</TrianglePeakTime>
      </IRO>
      <IWQ>
        <PCTC>13</PCTC>
        <Kd>27.456</Kd>
        <dgHalfL>0.52</dgHalfL>
        <FC>0.338</FC>
        <dgPin>8.4114649491E-26</dgPin>
        <DateStrings />
        <FOCUSTemperatures />
        <ThetaI />
      </IWQ>
    </VFSmodInputFilesSet>
  </VFSmodInputFileSets>
  <Swan2VFSmodGUI>
    <Paths>
      <inpFilePath>X:\RRP1900392\DGR00\Fs3\PMT00\R01TFS02\PRZM\pome_stone_fruit_late_applns\R1-PF-.INP</inpFilePath>
      <p2tFilePath>X:\RRP1900392\DGR00\Fs3\PMT00\R01TFS02\PRZM\pome_stone_fruit_late_applns\00025-C1.P2T</p2tFilePath>
      <ztsFilePath>X:\RRP1900392\DGR00\Fs3\PMT00\R01TFS02\PRZM\pome_stone_fruit_late_applns\R1-PF-.ZTS</ztsFilePath>
      <ScenarioUserInputFilePath>X:\RRP1900392\DGR00\Fs3\PMT00\R01TFS02\VFSmod\R1\6m\R1ScenarioUserInput.xml</ScenarioUserInputFilePath>
      <VFSmodGUI2SwanPath>X:\RRP1900392\DGR00\Fs3\PMT00\R01TFS02\VFSmod\R1\6m</VFSmodGUI2SwanPath>
    </Paths>
    <GeneralInfo>
      <BufferStripLen>6</BufferStripLen>
      <ParMet>Parent</ParMet>
      <FOCUSScenario>R1</FOCUSScenario>
      <FOCUSWaterBody>Stream</FOCUSWaterBody>
    </GeneralInfo>
  </Swan2VFSmodGUI>
  <VFSmodGUI2Swan>
    <VFSmodResults>
      <VFSmodResult>
        <EventDate>1984-05-20T01:00:00</EventDate>
        <SedimentReduction>1</SedimentReduction>
        <RunoffInflowReduction>0</RunoffInflowReduction>
        <PesticideReduction>0.6004</PesticideReduction>
        <ResidualMass>1.85243E-11</ResidualMass>
        <RunoffInflow>0.507</RunoffInflow>
        <SedimentInflow>0.064</SedimentInflow>
        <PhaseDistribution>7087.646</PhaseDistribution>
      </VFSmodResult>
      <VFSmodResult>
        <EventDate>1984-05-30T01:00:00</EventDate>
        <SedimentReduction>1</SedimentReduction>
        <RunoffInflowReduction>0</RunoffInflowReduction>
        <PesticideReduction>0.67926</PesticideReduction>
        <ResidualMass>4.18484E-18</ResidualMass>
        <RunoffInflow>2.23</RunoffInflow>
        <SedimentInflow>0.563</SedimentInflow>
        <PhaseDistribution>971.876</PhaseDistribution>
      </VFSmodResult>
      <VFSmodResult>
        <EventDate>1984-06-21T01:00:00</EventDate>
        <SedimentReduction>1</SedimentReduction>
        <RunoffInflowReduction>0</RunoffInflowReduction>
        <PesticideReduction>0.60746</PesticideReduction>
        <ResidualMass>2.18371E-66</ResidualMass>
        <RunoffInflow>1.95</RunoffInflow>
        <SedimentInflow>0.46</SedimentInflow>
        <PhaseDistribution>1677.569</PhaseDistribution>
      </VFSmodResult>
      <VFSmodResult>
        <EventDate>1984-09-09T01:00:00</EventDate>
        <SedimentReduction>1</SedimentReduction>
        <RunoffInflowReduction>0</RunoffInflowReduction>
        <PesticideReduction>0.70748</PesticideReduction>
        <ResidualMass>6.87171E-42</ResidualMass>
        <RunoffInflow>2.92</RunoffInflow>
        <SedimentInflow>0.835</SedimentInflow>
        <PhaseDistribution>684.725</PhaseDistribution>
      </VFSmodResult>
      <VFSmodResult>
        <EventDate>1984-11-22T01:00:00</EventDate>
        <SedimentReduction>0.99999</SedimentReduction>
        <RunoffInflowReduction>0</RunoffInflowReduction>
        <PesticideReduction>0.54726</PesticideReduction>
        <ResidualMass>1.31197E-26</ResidualMass>
        <RunoffInflow>6.37</RunoffInflow>
        <SedimentInflow>1.06</SedimentInflow>
        <PhaseDistribution>712.489</PhaseDistribution>
      </VFSmodResult>
      <VFSmodResult>
        <EventDate>1984-12-18T01:00:00</EventDate>
        <SedimentReduction>1</SedimentReduction>
        <RunoffInflowReduction>0</RunoffInflowReduction>
        <PesticideReduction>0.43069</PesticideReduction>
        <ResidualMass>6.49491E-31</ResidualMass>
        <RunoffInflow>0.00254</RunoffInflow>
        <SedimentInflow>3.19E-05</SedimentInflow>
        <PhaseDistribution>11200000</PhaseDistribution>
      </VFSmodResult>
      <VFSmodResult>
        <EventDate>1985-02-02T01:00:00</EventDate>
        <SedimentReduction>1</SedimentReduction>
        <RunoffInflowReduction>0</RunoffInflowReduction>
        <PesticideReduction>0.56103</PesticideReduction>
        <ResidualMass>6.968E-27</ResidualMass>
        <RunoffInflow>0.156</RunoffInflow>
        <SedimentInflow>0.00766</SedimentInflow>
        <PhaseDistribution>50400</PhaseDistribution>
      </VFSmodResult>
    </VFSmodResults>
    <Log />
  </VFSmodGUI2Swan>
  <TOXSWArun>
    <TOXSWAexeFilePath>C:\Swash\TOXSWA\toxswa_focus.exe</TOXSWAexeFilePath>
    <TOXSWAmetFilePath />
    <origTXWFilePath />
    <newTXWFilePath />
    <WorkingDirectory />
    <NewP2TFilePath />
    <newDriftEntries>
      <string> </string>
    </newDriftEntries>
  </TOXSWArun>
</VFSmod>