<?xml version="1.0" encoding="utf-8"?>
<ArrayOfMitigation xmlns:xsi="http://www.w3.org/2001/XMLSchema-instance" xmlns:xsd="http://www.w3.org/2001/XMLSchema">
  <mitigation>
    <fluxMitigation>
      <fluxMitigation>
        <fef>0.94841</fef>
        <frf>0.94841</frf>
      </fluxMitigation>
    </fluxMitigation>
    <eventDate>1978-12-31T00:00:00</eventDate>
    <frv>0.8817</frv>
    <fem>1</fem>
    <fif>NaN</fif>
  </mitigation>
  <mitigation>
    <fluxMitigation>
      <fluxMitigation>
        <fef>1</fef>
        <frf>1</frf>
      </fluxMitigation>
    </fluxMitigation>
    <eventDate>1979-02-02T00:00:00</eventDate>
    <frv>1</frv>
    <fem>1</fem>
    <fif>NaN</fif>
  </mitigation>
  <mitigation>
    <fluxMitigation>
      <fluxMitigation>
        <fef>1</fef>
        <frf>1</frf>
      </fluxMitigation>
    </fluxMitigation>
    <eventDate>1979-04-23T00:00:00</eventDate>
    <frv>1</frv>
    <fem>1</fem>
    <fif>NaN</fif>
  </mitigation>
</ArrayOfMitigation>