<?xml version="1.0" encoding="utf-8"?>
<compoundSceBase xmlns:xsi="http://www.w3.org/2001/XMLSchema-instance" xmlns:xsd="http://www.w3.org/2001/XMLSchema">
  <degType>SFO</degType>
  <g>NaN</g>
  <k1>0</k1>
  <k2>0</k2>
  <common>
    <metaData>
      <iop>ERTER</iop>
      <nameInModel>erter</nameInModel>
      <nameUC />
      <nameLC />
      <companyCode />
    </metaData>
    <physChem>
      <chemStructure />
      <molMass>345</molMass>
      <preVapRef>4.5E-07</preVapRef>
      <slbWatRef>666</slbWatRef>
      <logP>NaN</logP>
      <pKa>NaN</pKa>
    </physChem>
  </common>
  <degt50Sorption>
    <DegType>SFO</DegType>
    <SFO>
      <degT50>
        <degT50>4</degT50>
        <k>NaN</k>
        <scenarioSpecificDT50>Off</scenarioSpecificDT50>
        <moistCorr>Off</moistCorr>
        <expLiqTra>0</expLiqTra>
        <relMoist>0</relMoist>
        <EXPB>0</EXPB>
        <molEntTra>65.4</molEntTra>
        <q10>2.58</q10>
        <TRESP>0.0948</TRESP>
        <cntLiqTraRef>1</cntLiqTraRef>
        <optCntLiqTraRef>OptimumConditions</optCntLiqTraRef>
        <optDT50>EqlDom_Input</optDT50>
      </degT50>
      <sorption>
        <depthDependentFOCUSuserdef>FOCUS</depthDependentFOCUSuserdef>
        <kom>66</kom>
        <koc>113.78</koc>
        <expFre>0.666</expFre>
        <scenarioSpecificSorption>Off</scenarioSpecificSorption>
        <conLiqRef>1</conLiqRef>
        <komEqlMax>6600</komEqlMax>
        <molEntSor>0</molEntSor>
        <optCofFre>pHindependent</optCofFre>
      </sorption>
    </SFO>
  </degt50Sorption>
  <cropProcesses>
    <degT50DspCrp>
      <degT50>1000000</degT50>
      <k>NaN</k>
      <scenarioSpecificDT50>Off</scenarioSpecificDT50>
    </degT50DspCrp>
    <facUpt>0</facUpt>
  </cropProcesses>
  <scenario>Chateaudun</scenario>
</compoundSceBase>