<?xml version="1.0" encoding="utf-8"?>
<degT50TempMoistCorrScen xmlns:xsi="http://www.w3.org/2001/XMLSchema-instance" xmlns:xsd="http://www.w3.org/2001/XMLSchema">
  <degT50>333</degT50>
  <k>0.0020815230647445804</k>
  <tempCorr>Off</tempCorr>
  <expLiqTra>0.7</expLiqTra>
  <EXPB>0.49</EXPB>
  <molEntTra>1</molEntTra>
  <q10>1</q10>
  <TRESP>0</TRESP>
  <cntLiqTraRef>1</cntLiqTraRef>
  <optCntLiqTraRef>OptimumConditions</optCntLiqTraRef>
  <optDT50>EqlDom_Input</optDT50>
  <scenarioSpecific>true</scenarioSpecific>
  <degT50TempMoistCorrScen01>
    <degT50TempMoistCorrScenBase>
      <degT50>56</degT50>
      <k>0.012377628224284737</k>
      <expLiqTra>0.7</expLiqTra>
      <EXPB>0.49</EXPB>
      <molEntTra>65.4</molEntTra>
      <q10>2.58</q10>
      <TRESP>0.0948</TRESP>
      <cntLiqTraRef>1</cntLiqTraRef>
      <optCntLiqTraRef>OptimumConditions</optCntLiqTraRef>
      <optDT50>EqlDom_Input</optDT50>
      <scenario>Chateaudun</scenario>
    </degT50TempMoistCorrScenBase>
  </degT50TempMoistCorrScen01>
</degT50TempMoistCorrScen>