<?xml version="1.0" encoding="utf-8"?>
<pathWay xmlns:xsi="http://www.w3.org/2001/XMLSchema-instance" xmlns:xsd="http://www.w3.org/2001/XMLSchema">
  <fraPrtDau />
  <compounds>
    <compound>
      <show />
      <positionPELMO>not_def</positionPELMO>
      <common>
        <metaData>
          <iop>TFS</iop>
        </metaData>
        <physChem>
          <chemStructure />
          <molMass>408.4</molMass>
          <preVapRef>1.2E-05</preVapRef>
          <slbWatRef>23424</slbWatRef>
          <logP>NaN</logP>
          <pKa>NaN</pKa>
          <fill />
        </physChem>
      </common>
      <degt50Sorption>
        <DegType>SFO</DegType>
        <SFO>
          <SFO>
            <degT50>234</degT50>
            <deptDepDegFOCUSuserdef>userDef</deptDepDegFOCUSuserdef>
            <depthDepDegradation>
              <CHATold>
                <double>1</double>
                <double>0.5</double>
                <double>0.5</double>
                <double>0.3</double>
                <double>0</double>
                <double>0</double>
                <double>0</double>
              </CHATold>
              <CHATnew>
                <double>1</double>
                <double>1</double>
                <double>0.5</double>
                <double>0.5</double>
                <double>0.5</double>
                <double>0.3</double>
                <double>0</double>
                <double>0</double>
                <double>0</double>
                <double>0</double>
              </CHATnew>
            </depthDepDegradation>
            <MoistCorr>_Off</MoistCorr>
          </SFO>
          <sorption>
            <DeptDep_FOCUSuserdef>FOCUS</DeptDep_FOCUSuserdef>
            <kom>45</kom>
            <koc>77.58</koc>
            <expFre>0.978</expFre>
          </sorption>
        </SFO>
      </degt50Sorption>
      <cropProcesses>
        <fill />
        <degT50DspCrp>
          <degT50>NaN</degT50>
        </degT50DspCrp>
        <facUpt>NaN</facUpt>
        <facWasCrp>NaN</facWasCrp>
      </cropProcesses>
    </compound>
    <compound>
      <show />
      <positionPELMO>A1</positionPELMO>
      <common>
        <metaData>
          <iop>CGA13</iop>
        </metaData>
        <physChem>
          <chemStructure />
          <molMass>394.4</molMass>
          <preVapRef>NaN</preVapRef>
          <slbWatRef>NaN</slbWatRef>
          <logP>NaN</logP>
          <pKa>NaN</pKa>
          <fill />
        </physChem>
      </common>
      <degt50Sorption>
        <DegType>SFO</DegType>
        <SFO>
          <SFO>
            <degT50>NaN</degT50>
            <deptDepDegFOCUSuserdef>FOCUS</deptDepDegFOCUSuserdef>
          </SFO>
          <sorption>
            <DeptDep_FOCUSuserdef>FOCUS</DeptDep_FOCUSuserdef>
            <kom>NaN</kom>
            <koc>NaN</koc>
            <expFre>NaN</expFre>
          </sorption>
        </SFO>
      </degt50Sorption>
      <cropProcesses>
        <fill />
        <degT50DspCrp>
          <degT50>NaN</degT50>
        </degT50DspCrp>
        <facUpt>NaN</facUpt>
        <facWasCrp>NaN</facWasCrp>
      </cropProcesses>
    </compound>
    <compound>
      <show />
      <positionPELMO>A2</positionPELMO>
      <common>
        <metaData>
          <iop>NOA61</iop>
        </metaData>
        <physChem>
          <chemStructure />
          <molMass>424.3</molMass>
          <preVapRef>NaN</preVapRef>
          <slbWatRef>NaN</slbWatRef>
          <logP>NaN</logP>
          <pKa>NaN</pKa>
          <fill />
        </physChem>
      </common>
      <degt50Sorption>
        <DegType>SFO</DegType>
        <SFO>
          <SFO>
            <degT50>NaN</degT50>
            <deptDepDegFOCUSuserdef>FOCUS</deptDepDegFOCUSuserdef>
          </SFO>
          <sorption>
            <DeptDep_FOCUSuserdef>FOCUS</DeptDep_FOCUSuserdef>
            <kom>NaN</kom>
            <koc>NaN</koc>
            <expFre>NaN</expFre>
          </sorption>
        </SFO>
      </degt50Sorption>
      <cropProcesses>
        <fill />
        <degT50DspCrp>
          <degT50>NaN</degT50>
        </degT50DspCrp>
        <facUpt>NaN</facUpt>
        <facWasCrp>NaN</facWasCrp>
      </cropProcesses>
    </compound>
    <compound>
      <show />
      <positionPELMO>B2</positionPELMO>
      <common>
        <metaData>
          <iop>CCGA76</iop>
        </metaData>
        <physChem>
          <chemStructure />
          <molMass>318.3</molMass>
          <preVapRef>NaN</preVapRef>
          <slbWatRef>NaN</slbWatRef>
          <logP>NaN</logP>
          <pKa>NaN</pKa>
          <fill />
        </physChem>
      </common>
      <degt50Sorption>
        <DegType>SFO</DegType>
        <SFO>
          <SFO>
            <degT50>NaN</degT50>
            <deptDepDegFOCUSuserdef>FOCUS</deptDepDegFOCUSuserdef>
          </SFO>
          <sorption>
            <DeptDep_FOCUSuserdef>FOCUS</DeptDep_FOCUSuserdef>
            <kom>NaN</kom>
            <koc>NaN</koc>
            <expFre>NaN</expFre>
          </sorption>
        </SFO>
      </degt50Sorption>
      <cropProcesses>
        <fill />
        <degT50DspCrp>
          <degT50>NaN</degT50>
        </degT50DspCrp>
        <facUpt>NaN</facUpt>
        <facWasCrp>NaN</facWasCrp>
      </cropProcesses>
    </compound>
  </compounds>
  <paramter_SFO_TDS_k1_Acid />
  <paramter_Alkaline_k2 />
</pathWay>