<?xml version="1.0" encoding="utf-8"?>
<ScenarioUserInput xmlns:xsi="http://www.w3.org/2001/XMLSchema-instance" xmlns:xsd="http://www.w3.org/2001/XMLSchema">
  <StdValues>
    <N>57</N>
    <d>0</d>
  </StdValues>
  <ScenarioProperties>
    <FOCUSScenario>R1</FOCUSScenario>
    <SOA>0.03</SOA>
    <KS>7.04E-07</KS>
    <SAV>0.17</SAV>
    <ThetaS>0.447</ThetaS>
    <PCTOC>1.2</PCTOC>
    <PCTC>13</PCTC>
    <RHO>1.35</RHO>
    <FC>0.338</FC>
    <hmax>1.54</hmax>
    <ThetaR>0.065</ThetaR>
    <Alfa>0.51</Alfa>
    <n>1.6634</n>
  </ScenarioProperties>
  <CompoundProperties />
</ScenarioUserInput>