<?xml version="1.0" encoding="utf-8"?>
<ScenarioUserInput xmlns:xsi="http://www.w3.org/2001/XMLSchema-instance" xmlns:xsd="http://www.w3.org/2001/XMLSchema">
  <StdValues />
  <ScenarioProperties>
    <FOCUSScenario>R2</FOCUSScenario>
    <SOA>0.05</SOA>
    <KS>2.79E-06</KS>
    <SAV>0.11</SAV>
    <ThetaS>0.403</ThetaS>
    <PCTOC>4</PCTOC>
    <PCTC>14</PCTC>
    <RHO>1.15</RHO>
    <FC>0.36</FC>
    <hmax>0.709</hmax>
    <ThetaR>0.039</ThetaR>
    <Alfa>2.67</Alfa>
    <n>1.4488</n>
  </ScenarioProperties>
  <CompoundProperties />
</ScenarioUserInput>