<?xml version="1.0" encoding="utf-8"?>
<ScenarioUserInput xmlns:xsi="http://www.w3.org/2001/XMLSchema-instance" xmlns:xsd="http://www.w3.org/2001/XMLSchema">
  <StdValues />
  <ScenarioProperties>
    <FOCUSScenario>R3</FOCUSScenario>
    <SOA>0.05</SOA>
    <KS>9.25E-07</KS>
    <SAV>0.21</SAV>
    <ThetaS>0.472</ThetaS>
    <PCTOC>1</PCTOC>
    <PCTC>34</PCTC>
    <RHO>1.46</RHO>
    <FC>0.37</FC>
    <hmax>0.709</hmax>
    <ThetaR>0.079</ThetaR>
    <Alfa>1.58</Alfa>
    <n>1.4158</n>
  </ScenarioProperties>
  <CompoundProperties />
</ScenarioUserInput>