<?xml version="1.0" encoding="utf-8"?>
<ScenarioUserInput xmlns:xsi="http://www.w3.org/2001/XMLSchema-instance" xmlns:xsd="http://www.w3.org/2001/XMLSchema">
  <StdValues />
  <ScenarioProperties>
    <FOCUSScenario>R4</FOCUSScenario>
    <SOA>0.05</SOA>
    <KS>1.52E-06</KS>
    <SAV>0.22</SAV>
    <ThetaS>0.42</ThetaS>
    <PCTOC>0.6</PCTOC>
    <PCTC>25</PCTC>
    <RHO>1.52</RHO>
    <FC>0.26</FC>
    <hmax>0.709</hmax>
    <ThetaR>0.063</ThetaR>
    <Alfa>2.11</Alfa>
    <n>1.3305</n>
  </ScenarioProperties>
  <CompoundProperties />
</ScenarioUserInput>