﻿<?xml version="1.0"?>
<doc>
<assembly>
<name>
FOCUSsw
</name>
</assembly>
<members>
<member name="T:FOCUSsw.My.Resources.Resources">
<summary>
  A strongly-typed resource class, for looking up localized strings, etc.
</summary>
</member>
<member name="P:FOCUSsw.My.Resources.Resources.ResourceManager">
<summary>
  Returns the cached ResourceManager instance used by this class.
</summary>
</member>
<member name="P:FOCUSsw.My.Resources.Resources.Culture">
<summary>
  Overrides the current thread's CurrentUICulture property for all
  resource lookups using this strongly typed resource class.
</summary>
</member>
<member name="M:FOCUSsw.ErrorHandling.parseExceptionMsg(System.Exception,System.String,System.String)">
 <summary>
 Complete ex description with error origin
 </summary>
 <param name="Exception">
 Error object from 'try catch'
 </param>
 <param name="UserErrorDescription">
 Optional user comment, will be out in the 1st row
 </param>
 <param name="LeadingString">
 Optional precessing string
 </param>
 <returns>
 Error description as string array
 </returns>
 <remarks>
 Last Edit: 2015:Nov:24
 by       : Horatio
 </remarks>
</member>
<member name="F:FOCUSsw.log.LogList">
 <summary>
 Contend of the log
 </summary>
 <remarks></remarks>
</member>
<member name="F:FOCUSsw.log.FileName">
 <summary>
 Log Filename
 </summary>
 <remarks></remarks>
</member>
<member name="F:FOCUSsw.log.stdIntentLevel">
 <summary>
 Intent level
 </summary>
 <remarks></remarks>
</member>
<member name="F:FOCUSsw.log.IntentSpacePerLevel">
 <summary>
 No of spaces per intent level
 </summary>
 <remarks></remarks>
</member>
<member name="F:FOCUSsw.log.StdTimeStampPattern">
 <summary>
 std. time stamp at the start of the log line
 </summary>
 <remarks></remarks>
</member>
<member name="M:FOCUSsw.log.mylog(System.String,FOCUSsw.log.eLogLevel,FOCUSsw.log.eLog2Console,System.Boolean,System.Boolean,Microsoft.VisualBasic.MsgBoxStyle,System.String,System.Boolean,System.String,System.Exception,System.Boolean)">
 <summary>
 log simple one line msg
 </summary>
 <param name="LogTxt">
 Log msg as one line
 </param>
 <param name="IntentLevel">
 Intent level as enum
 std, init, on, two, three, up, down
 </param>
 <param name="Log2Console">
 Log also to console, std. = on
 </param>
 <param name="Log2File">
 Write log instantaneously to file, std. = on
 </param>
 <param name="Log2Msgbox">
 Log also to MsgBox, std. = false
 </param>
 <param name="MsgBoxBtn">
 If Log2MsgBox = true => Button
 </param>
 <param name="MsgTitle">
 If Log2MsgBox = true => MsgTitle
 ></param>
 <param name="Add2PreviousRow">
 If true log will be append to prev. row, std. = false
 </param>
 <param name="TimeStampPattern">
 Std. = "hh:mm"
 </param>
 <param name="Exception2Throw">
 Throw this exception
 </param>
 <param name="ShowInNotepad">
 Show complete Log in Notepad, std. = false
 </param>
 <returns>
 MsgBoxResult, like Yes, No or Cancel
 </returns>
</member>
<member name="M:FOCUSsw.log.mylog(System.String[],FOCUSsw.log.eLogLevel,FOCUSsw.log.eLog2Console,System.Boolean,System.Boolean,Microsoft.VisualBasic.MsgBoxStyle,System.String,System.Boolean,System.String,System.Exception,System.Boolean)">
 <summary>
 Log array of strings
 </summary>
 <param name="LogTxtArray">
 Array of strings to log
 </param>
 <param name="IntentLevel">
 Intent level as enum
 std,init,on,two,three,up,down
 </param>
 <param name="Log2Console">
 Log also to console, std. = on
 </param>
 <param name="Log2File">
 Write log instantaneously to file, std. = on
 </param>
 <param name="Log2Msgbox">
 Log also to MsgBox, std. = false
 </param>
 <param name="MsgBoxBtn">
 If Log2MsgBox = true => Button
 </param>
 <param name="MsgTitle">
 If Log2MsgBox = true => MsgTitle
 ></param>
 <param name="Add2PreviousRow">
 If true log will be append to prev. row, std. = false
 </param>
 <param name="TimeStampPattern">
 Std. = "hh:mm"
 </param>
 <param name="Exception2Throw">
 Throw this exception
 </param>
 <param name="ShowInNotepad">
 Show complete Log in Notepad, std. = false
 </param>
 <returns></returns>
</member>
<member name="M:FOCUSsw.log.mylog(System.Collections.Generic.List{System.String},FOCUSsw.log.eLogLevel,FOCUSsw.log.eLog2Console,System.Boolean,System.Boolean,Microsoft.VisualBasic.MsgBoxStyle,System.String,System.String,System.Exception,System.Boolean)">
 <summary>
 Log multiple lines
 </summary>
 <param name="LogTxtList">
 List of string of lines to log
 </param>
 <param name="IntentLevel">
 Intent level as enum
 std,init,on,two,three,up,down
 </param>
 <param name="Log2Console">
 Log also to console, std. = on
 </param>
 <param name="Log2File">
 Write log instantaneously to file, std. = on
 </param>
 <param name="Log2Msgbox">
 Log also to MsgBox, std. = false
 </param>
 <param name="MsgBoxBtn">
 If Log2MsgBox = true => Button
 </param>
 <param name="MsgTitle">
 If Log2MsgBox = true => MsgTitle
 ></param>
 <param name="TimeStampPattern">
 Std. = "hh:mm"
 </param>
 <param name="Exception2Throw">
 Throw this exception
 </param>
 <param name="ShowInNotepad">
 Show complete Log in Notepad, std. = false
 </param>
 <returns></returns>
</member>
<member name="M:FOCUSsw.log.getStartInfo(System.String)">
 <summary>
 Basic app. infos
 </summary>
</member>
<member name="M:FOCUSsw.log.showLogInNotepad">
 <summary>
 Show log in editor
 </summary>
</member>
<member name="M:FOCUSsw.start.deleteOldFile(System.String,System.String)">
 <summary>
 delete file, kill exe if it's blocked
 </summary>
 <param name="file2Delete"></param>
 <param name="killProcessName"></param>
 <returns></returns>
</member>
</members>
</doc>
